,title,position,country,genre,original name,year,rating,count,rating_IMBD,position_IMDB,2010-2021,2000-2009,1990-1999,1980-1989,before 1980,delta,main_genre
0,Побег из Шоушенка,1,США,драма,"Shawshank Redemption, The",1994,9.1,765 476,9.3,1.0,0,0,1,0,0,-0.20000000000000107,драма
1,Зеленая миля,2,США,"фэнтези, драма","Green Mile, The",1999,9.1,667 940,,,0,0,1,0,0,,фэнтези
2,Властелин колец: Возвращение короля,3,"Новая Зеландия, США","фэнтези, приключения","Lord of the Rings: The Return of the King, The",2003,8.6,462 500,8.9,7.0,0,1,0,0,0,-0.3000000000000007,фэнтези
3,Интерстеллар,4,"США, Великобритания","фантастика, драма",Interstellar,2014,8.6,693 798,8.6,22.0,1,0,0,0,0,0.0,фантастика
4,Властелин колец: Две крепости,5,"Новая Зеландия, США","фэнтези, приключения","Lord of the Rings: The Two Towers, The",2002,8.6,444 233,8.7,16.0,0,1,0,0,0,-0.09999999999999964,фэнтези
5,Властелин колец: Братство Кольца,6,"США, Новая Зеландия","фэнтези, приключения","Lord of the Rings: The Fellowship of the Ring, The",2001,8.6,488 212,,,0,1,0,0,0,,фэнтези
6,Друзья: Воссоединение,7,США,комедия,Friends Reunion Special,2021,9.0,20 324,,,1,0,0,0,0,,комедия
7,Список Шиндлера,8,США,"драма, биография",Schindler's List,1993,8.8,359 776,8.9,9.0,0,0,1,0,0,-0.09999999999999964,драма
8,Форрест Гамп,9,США,"драма, мелодрама",Forrest Gump,1994,8.9,618 791,8.8,13.0,0,0,1,0,0,0.09999999999999964,драма
9,Иван Васильевич меняет профессию,10,СССР,"фантастика, комедия",-,1973,8.8,682 515,,,0,0,0,0,1,,фантастика
10,Король Лев,11,США,"мультфильм, мюзикл","Lion King, The",1994,8.8,520 544,,,0,0,1,0,0,,мультфильм
11,Назад в будущее,12,США,"фантастика, комедия",Back to the Future,1985,8.6,470 348,8.5,50.0,0,0,0,1,0,0.09999999999999964,фантастика
12,Тайна Коко,13,США,"мультфильм, фэнтези",Coco,2017,8.6,363 579,8.4,66.0,1,0,0,0,0,0.1999999999999993,мультфильм
13,Клаус,14,"Испания, Великобритания","мультфильм, семейный",Klaus,2019,8.7,84 420,8.2,140.0,1,0,0,0,0,0.5,мультфильм
14,Криминальное чтиво,15,США,"триллер, комедия",Pulp Fiction,1994,8.6,513 864,8.9,8.0,0,0,1,0,0,-0.3000000000000007,триллер
15,"Карты, деньги, два ствола",16,Великобритания,"боевик, комедия","Lock, Stock and Two Smoking Barrels",1998,8.6,386 736,8.2,165.0,0,0,1,0,0,0.40000000000000036,боевик
16,1+1,17,Франция,"драма, комедия",Intouchables,2011,8.8,1 261 694,8.5,38.0,1,0,0,0,0,0.3000000000000007,драма
17,ВАЛЛ·И,18,США,"мультфильм, фантастика",WALL·E,2008,8.3,464 151,8.4,71.0,0,1,0,0,0,-0.09999999999999964,мультфильм
18,В бой идут одни «старики»,19,СССР,"военный, драма",-,1973,8.7,355 987,,,0,0,0,0,1,,военный
19,Начало,20,"США, Великобритания","фантастика, боевик",Inception,2010,8.7,770 638,8.8,10.0,1,0,0,0,0,-0.10000000000000142,фантастика
20,Унесённые призраками,21,Япония,"аниме, мультфильм",Sen to Chihiro no kamikakushi,2001,8.4,347 416,8.6,24.0,0,1,0,0,0,-0.1999999999999993,аниме
21,Большой куш,22,"Великобритания, США","криминал, комедия",Snatch,2000,8.5,381 652,8.3,100.0,0,1,0,0,0,0.1999999999999993,криминал
22,Операция «Ы» и другие приключения Шурика,23,СССР,"комедия, мелодрама",-,1965,8.7,608 140,,,0,0,0,0,1,,комедия
23,Джентльмены удачи,24,СССР,"драма, комедия",-,1971,8.5,481 647,,,0,0,0,0,1,,драма
24,Остров проклятых,25,США,"триллер, детектив",Shutter Island,2009,8.5,556 565,8.2,149.0,0,1,0,0,0,0.3000000000000007,триллер
25,Достучаться до небес,26,Германия,"драма, комедия",Knockin' on Heaven's Door,1997,8.6,445 715,,,0,0,1,0,0,,драма
26,Приключения Шерлока Холмса и доктора Ватсона: Собака Баскервилей,27,СССР,"детектив, криминал",-,1981,8.6,159 380,,,0,0,0,1,0,,детектив
27,Бойцовский клуб,28,"Германия, США","триллер, драма",Fight Club,1999,8.6,606 807,8.8,11.0,0,0,1,0,0,-0.20000000000000107,триллер
28,12 разгневанных мужчин,29,США,"драма, детектив",12 Angry Men,1956,8.5,104 770,,,0,0,0,0,1,,драма
29,Матрица,30,США,"фантастика, боевик","Matrix, The",1999,8.5,514 693,8.7,17.0,0,0,1,0,0,-0.1999999999999993,фантастика
30,Престиж,31,"Великобритания, США","фантастика, триллер","Prestige, The",2006,8.5,513 172,8.5,39.0,0,1,0,0,0,0.0,фантастика
31,Джентльмены,32,"Великобритания, США","криминал, комедия","Gentlemen, The",2019,8.5,704 185,,,1,0,0,0,0,,криминал
32,...А зори здесь тихие,33,СССР,"драма, военный",-,1972,8.5,190 856,,,0,0,0,0,1,,драма
33,Шрэк,34,США,"мультфильм, фэнтези",Shrek,2001,8.0,387 558,,,0,1,0,0,0,,мультфильм
34,Брат,35,Россия,"драма, криминал",-,1997,8.2,703 602,,,0,0,1,0,0,,драма
35,Один дома,36,США,"комедия, семейный",Home Alone,1990,8.2,550 471,,,0,0,1,0,0,,комедия
36,Москва слезам не верит,37,СССР,"драма, мелодрама",-,1979,8.4,396 265,,,0,0,0,0,1,,драма
37,Темный рыцарь,38,"США, Великобритания","фантастика, боевик","Dark Knight, The",2008,8.5,516 847,9.0,4.0,0,1,0,0,0,-0.5,фантастика
38,Пираты Карибского моря: Проклятие Черной жемчужины,39,США,"фэнтези, боевик",Pirates of the Caribbean: The Curse of the Black Pearl,2003,8.3,537 983,,,0,1,0,0,0,,фэнтези
39,Леон,40,"Франция, США","боевик, триллер",Léon,1994,8.7,507 694,8.5,45.0,0,0,1,0,0,0.1999999999999993,боевик
40,Джанго освобожденный,41,США,"вестерн, боевик",Django Unchained,2012,8.2,465 282,8.4,67.0,1,0,0,0,0,-0.20000000000000107,вестерн
41,Игры разума,42,США,"драма, биография",A Beautiful Mind,2001,8.6,418 264,8.2,163.0,0,1,0,0,0,0.40000000000000036,драма
42,Терминатор 2: Судный день,43,"США, Франция","фантастика, боевик",Terminator 2: Judgment Day,1991,8.3,358 409,8.5,47.0,0,0,1,0,0,-0.1999999999999993,фантастика
43,Гарри Поттер и узник Азкабана,44,"Великобритания, США","фэнтези, приключения",Harry Potter and the Prisoner of Azkaban,2004,8.2,429 541,,,0,1,0,0,0,,фэнтези
44,Одержимость,45,США,"драма, музыка",Whiplash,2013,8.3,253 002,8.5,37.0,1,0,0,0,0,-0.1999999999999993,драма
45,Остров сокровищ,46,СССР,"мультфильм, приключения",-,1988,8.2,109 423,,,0,0,0,1,0,,мультфильм
46,Гарри Поттер и философский камень,47,"Великобритания, США","фэнтези, приключения",Harry Potter and the Sorcerer's Stone,2001,8.2,562 616,,,0,1,0,0,0,,фэнтези
47,Назад в будущее 2,48,США,"фантастика, приключения",Back to the Future Part II,1989,8.3,327 441,,,0,0,0,1,0,,фантастика
48,Твоё имя,49,Япония,"аниме, мультфильм",Kimi no na wa.,2016,8.3,136 439,8.4,61.0,1,0,0,0,0,-0.09999999999999964,аниме
49,Гладиатор,50,"США, Великобритания","боевик, история",Gladiator,2000,8.6,422 121,8.5,42.0,0,1,0,0,0,0.09999999999999964,боевик
50,Отступники,51,США,"триллер, драма","Departed, The",2006,8.5,383 984,8.5,40.0,0,1,0,0,0,0.0,триллер
51,"Поймай меня, если сможешь",52,"США, Канада","криминал, биография",Catch Me If You Can,2002,8.5,424 767,8.1,248.0,0,1,0,0,0,0.40000000000000036,криминал
52,Брат 2,53,"Россия, США","боевик, криминал",-,2000,8.1,600 005,,,0,1,0,0,0,,боевик
53,Душа,54,США,"мультфильм, фэнтези",Soul,2020,8.3,153 602,8.1,207.0,1,0,0,0,0,0.20000000000000107,мультфильм
54,"Кавказская пленница, или Новые приключения Шурика",55,СССР,"комедия, приключения",-,1966,8.5,458 844,,,0,0,0,0,1,,комедия
55,Собачье сердце,56,СССР,"фантастика, драма",-,1988,8.3,233 997,,,0,0,0,1,0,,фантастика
56,Зеленая книга,57,"США, Китай","комедия, драма",Green Book,2018,8.3,456 970,8.2,136.0,1,0,0,0,0,0.10000000000000142,комедия
57,Крестный отец,58,США,"драма, криминал","Godfather, The",1972,8.7,299 944,,,0,0,0,0,1,,драма
58,Шерлок Холмс и доктор Ватсон: Знакомство,59,СССР,"криминал, детектив",-,1979,8.6,130 014,,,0,0,0,0,1,,криминал
59,Молчание ягнят,60,США,"триллер, детектив","Silence of the Lambs, The",1990,8.3,370 830,8.6,29.0,0,0,1,0,0,-0.29999999999999893,триллер
60,Офицеры,61,СССР,"драма, военный",-,1971,8.5,143 536,,,0,0,0,0,1,,драма
61,Жизнь прекрасна,62,Италия,"военный, комедия",La vita è bella,1997,8.6,208 496,8.6,27.0,0,0,1,0,0,0.0,военный
62,Ford против Ferrari,63,США,"биография, спорт",Ford v Ferrari,2019,8.2,332 946,8.1,219.0,1,0,0,0,0,0.09999999999999964,биография
63,Невидимая сторона,64,США,"драма, спорт","Blind Side, The",2009,8.2,176 998,,,0,1,0,0,0,,драма
64,Корпорация монстров,65,США,"мультфильм, фэнтези","Monsters, Inc.",2001,8.1,343 567,8.1,250.0,0,1,0,0,0,0.0,мультфильм
65,Служебный роман,66,СССР,"драма, мелодрама",-,1977,8.3,331 137,,,0,0,0,0,1,,драма
66,В джазе только девушки,67,США,"мелодрама, комедия",Some Like It Hot,1959,8.5,249 337,8.2,186.0,0,0,0,0,1,0.3000000000000007,мелодрама
67,Они сражались за Родину,68,СССР,"драма, военный",-,1975,8.4,135 131,,,0,0,0,0,1,,драма
68,Ходячий замок,69,Япония,"аниме, мультфильм",Hauru no ugoku shiro,2004,8.3,258 577,8.2,162.0,0,1,0,0,0,0.10000000000000142,аниме
69,Гарри Поттер и Дары Смерти: Часть II,70,"Великобритания, США","фэнтези, драма",Harry Potter and the Deathly Hallows: Part 2,2011,8.1,423 411,,,1,0,0,0,0,,фэнтези
70,Волк с Уолл-стрит,71,США,"драма, криминал","Wolf of Wall Street, The",2013,7.9,669 440,8.2,153.0,1,0,0,0,0,-0.29999999999999893,драма
71,Шоу Трумана,72,США,"драма, комедия","Truman Show, The",1998,8.3,348 905,8.1,256.0,0,0,1,0,0,0.20000000000000107,драма
72,Титаник,73,"США, Мексика","мелодрама, история",Titanic,1997,8.4,559 173,,,0,0,1,0,0,,мелодрама
73,Любовь и голуби,74,СССР,"мелодрама, комедия",-,1984,8.3,504 941,,,0,0,0,1,0,,мелодрама
74,Бриллиантовая рука,75,СССР,"комедия, приключения",-,1968,8.5,492 399,,,0,0,0,0,1,,комедия
75,Рататуй,76,США,"мультфильм, приключения",Ratatouille,2007,8.0,387 922,8.0,381.0,0,1,0,0,0,0.0,мультфильм
76,Омерзительная восьмерка,77,США,"вестерн, криминал","Hateful Eight, The",2015,7.9,391 417,,,1,0,0,0,0,,вестерн
77,Пианист,78,"Польша, Франция","драма, военный","Pianist, The",2002,8.5,241 745,8.5,41.0,0,1,0,0,0,0.0,драма
78,Звёздные войны: Эпизод 3 – Месть Ситхов,79,США,"фантастика, боевик",Star Wars: Episode III - Revenge of the Sith,2005,8.1,266 498,,,0,1,0,0,0,,фантастика
79,Американская история X,80,США,драма,American History X,1998,8.3,293 409,,,0,0,1,0,0,,драма
80,Семь жизней,81,США,"драма, мелодрама",Seven Pounds,2008,8.2,269 413,,,0,1,0,0,0,,драма
81,Общество мертвых поэтов,82,США,"драма, комедия",Dead Poets Society,1989,8.2,157 343,,,0,0,0,1,0,,драма
82,Судьба человека,83,СССР,"драма, военный",-,1959,8.4,91 351,,,0,0,0,0,1,,драма
83,Принцесса Мононоке,84,Япония,"аниме, мультфильм",Mononoke-hime,1997,8.2,118 071,8.4,75.0,0,0,1,0,0,-0.20000000000000107,аниме
84,Гарри Поттер и Тайная комната,85,"Великобритания, США","фэнтези, приключения",Harry Potter and the Chamber of Secrets,2002,8.0,390 218,,,0,1,0,0,0,,фэнтези
85,Тайна третьей планеты,86,СССР,"мультфильм, фантастика",-,1981,8.0,79 538,,,0,0,0,1,0,,мультфильм
86,День сурка,87,США,"фэнтези, мелодрама",Groundhog Day,1993,8.1,337 371,8.0,407.0,0,0,1,0,0,0.09999999999999964,фэнтези
87,Головоломка,88,США,"мультфильм, семейный",Inside Out,2015,8.0,363 110,8.1,215.0,1,0,0,0,0,-0.09999999999999964,мультфильм
88,Назад в будущее 3,89,США,"фантастика, комедия",Back to the Future Part III,1990,8.2,274 328,,,0,0,1,0,0,,фантастика
89,Стальной гигант,90,США,"мультфильм, фантастика","Iron Giant, The",1999,8.1,86 940,8.0,401.0,0,0,1,0,0,0.09999999999999964,мультфильм
90,Легенда о волках,91,"Ирландия, Люксембург","мультфильм, фэнтези",WolfWalkers,2020,8.2,20 413,,,1,0,0,0,0,,мультфильм
91,Девчата,92,СССР,"мелодрама, комедия",-,1962,8.4,339 892,,,0,0,0,0,1,,мелодрама
92,Мулан,93,США,"мультфильм, мюзикл",Mulan,1998,8.1,194 801,,,0,0,1,0,0,,мультфильм
93,Храброе сердце,94,США,"история, биография",Braveheart,1995,8.3,218 137,8.3,106.0,0,0,1,0,0,0.0,история
94,Гран Торино,95,"Германия, США",драма,Gran Torino,2008,8.1,220 342,8.1,229.0,0,1,0,0,0,0.0,драма
95,Загадочная история Бенджамина Баттона,96,США,"драма, фэнтези","Curious Case of Benjamin Button, The",2008,8.1,386 807,,,0,1,0,0,0,,драма
96,Укрощение строптивого,97,Италия,"мелодрама, комедия",Il bisbetico domato,1980,8.4,241 663,,,0,0,0,1,0,,мелодрама
97,Шрэк 2,98,США,"мультфильм, фэнтези",Shrek 2,2004,7.7,195 259,,,0,1,0,0,0,,мультфильм
98,Семь,99,США,"триллер, драма",Se7en,1995,8.3,379 530,8.6,28.0,0,0,1,0,0,-0.29999999999999893,триллер
99,Игра,100,США,"триллер, драма","Game, The",1997,8.3,285 737,,,0,0,1,0,0,,триллер
100,Зверополис,101,США,"мультфильм, комедия",Zootopia,2016,8.3,550 796,8.0,343.0,1,0,0,0,0,0.3000000000000007,мультфильм
101,Пролетая над гнездом кукушки,102,США,драма,One Flew Over the Cuckoo's Nest,1975,8.5,278 215,8.7,20.0,0,0,0,0,1,-0.1999999999999993,драма
102,Хоббит: Нежданное путешествие,103,"Новая Зеландия, США","фэнтези, приключения","Hobbit: An Unexpected Journey, The",2012,8.1,385 763,,,1,0,0,0,0,,фэнтези
103,"Хороший, плохой, злой",104,"Италия, Испания",вестерн,"buono, il brutto, il cattivo, Il",1966,8.5,129 679,8.8,14.0,0,0,0,0,1,-0.3000000000000007,вестерн
104,Вверх,105,США,"мультфильм, драма",Up,2009,8.0,295 402,8.2,150.0,0,1,0,0,0,-0.1999999999999993,мультфильм
105,Изгой,106,США,"драма, мелодрама",Cast Away,2000,8.3,293 943,,,0,1,0,0,0,,драма
106,Один дома 2: Затерянный в Нью-Йорке,107,США,"комедия, семейный",Home Alone 2: Lost in New York,1992,8.0,241 780,,,0,0,1,0,0,,комедия
107,Пробуждение,108,США,"драма, биография",Awakenings,1990,8.4,133 977,,,0,0,1,0,0,,драма
108,Трасса 60,109,"Канада, США","фантастика, фэнтези",Interstate 60,2001,8.0,253 202,,,0,1,0,0,0,,фантастика
109,Мальчик в полосатой пижаме,110,"Великобритания, США","драма, военный","Boy in the Striped Pyjamas, The",2008,8.2,230 673,,,0,1,0,0,0,,драма
110,"Добро пожаловать, или Посторонним вход воспрещен",111,СССР,"комедия, семейный",-,1964,8.3,146 561,,,0,0,0,0,1,,комедия
111,Звёздные войны: Эпизод 5 – Империя наносит ответный удар,112,США,"фантастика, боевик",Star Wars: Episode V - The Empire Strikes Back,1980,8.1,223 799,,,0,0,0,1,0,,фантастика
112,Троя,113,"США, Мальта","боевик, история",Troy,2004,8.0,245 332,,,0,1,0,0,0,,боевик
113,Эффект бабочки,114,"США, Канада","фантастика, триллер","Butterfly Effect, The",2003,8.2,394 641,,,0,1,0,0,0,,фантастика
114,По соображениям совести,115,"Австралия, США","драма, военный",Hacksaw Ridge,2016,8.0,185 072,8.1,214.0,1,0,0,0,0,-0.09999999999999964,драма
115,Мой сосед Тоторо,116,Япония,"аниме, мультфильм",Tonari no Totoro,1988,8.2,143 206,8.2,173.0,0,0,0,1,0,0.0,аниме
116,Прислуга,117,США,драма,"Help, The",2011,8.2,202 891,8.0,359.0,1,0,0,0,0,0.1999999999999993,драма
117,Аладдин,118,США,"мультфильм, мюзикл",Aladdin,1992,8.1,229 661,8.0,410.0,0,0,1,0,0,0.09999999999999964,мультфильм
118,Запах женщины,119,США,драма,Scent of a Woman,1992,8.4,217 007,8.0,409.0,0,0,1,0,0,0.40000000000000036,драма
119,Бесславные ублюдки,120,"США, Германия","боевик, драма",Inglourious Basterds,2009,7.9,338 626,8.3,97.0,0,1,0,0,0,-0.40000000000000036,боевик
120,Таксист,121,Корея Южная,"история, драма",Taeksi unjeonsa,2017,8.1,23 088,8.3,115.0,1,0,0,0,0,-0.20000000000000107,история
121,"Три билборда на границе Эббинга, Миссури",122,"Великобритания, США","драма, криминал","Three Billboards Outside Ebbing, Missouri",2017,8.2,293 306,8.1,199.0,1,0,0,0,0,0.09999999999999964,драма
122,Тот самый Мюнхгаузен,123,СССР,"фэнтези, драма",-,1979,8.3,91 952,,,0,0,0,0,1,,фэнтези
123,Летят журавли,124,СССР,"военный, мелодрама",-,1957,8.3,89 513,,,0,0,0,0,1,,военный
124,Однажды в Америке,125,"США, Италия","драма, криминал",Once Upon a Time in America,1983,8.3,129 096,8.4,76.0,0,0,0,1,0,-0.09999999999999964,драма
125,История игрушек,126,США,"мультфильм, фэнтези",Toy Story,1995,7.9,184 142,8.3,105.0,0,0,1,0,0,-0.40000000000000036,мультфильм
126,Темный рыцарь: Возрождение легенды,127,"Великобритания, США","фантастика, боевик","Dark Knight Rises, The",2012,8.1,367 496,8.4,68.0,1,0,0,0,0,-0.3000000000000007,фантастика
127,Звёздные войны: Эпизод 4 – Новая надежда,128,США,"фантастика, боевик",Star Wars,1977,8.1,227 663,,,0,0,0,0,1,,фантастика
128,Достать ножи,129,США,"детектив, комедия",Knives Out,2019,8.0,396 579,7.9,474.0,1,0,0,0,0,0.09999999999999964,детектив
129,В поисках Немо,130,США,"мультфильм, комедия",Finding Nemo,2003,7.9,224 008,8.1,247.0,0,1,0,0,0,-0.1999999999999993,мультфильм
130,Тренер Картер,131,"США, Германия","биография, спорт",Coach Carter,2005,8.0,101 008,,,0,1,0,0,0,,биография
131,Счастливое число Слевина,132,"Германия, Великобритания","боевик, триллер",Lucky Number Slevin,2005,8.1,325 035,,,0,1,0,0,0,,боевик
132,Белый Бим Черное ухо,133,СССР,драма,-,1976,8.4,95 218,,,0,0,0,0,1,,драма
133,Доктор Лиза,134,Россия,"драма, биография",-,2020,8.1,57 185,,,1,0,0,0,0,,драма
134,Военный ныряльщик,135,США,"драма, биография",Men of Honor,2000,8.1,93 478,,,0,1,0,0,0,,драма
135,Умница Уилл Хантинг,136,США,"драма, мелодрама",Good Will Hunting,1997,8.1,190 988,8.3,103.0,0,0,1,0,0,-0.20000000000000107,драма
136,Человек дождя,137,США,драма,Rain Man,1988,8.2,241 417,8.0,415.0,0,0,0,1,0,0.1999999999999993,драма
137,Дело храбрых,138,США,"боевик, драма",Only the Brave,2017,8.0,116 590,,,1,0,0,0,0,,боевик
138,Исчезнувшая,139,США,"триллер, драма",Gone Girl,2014,7.9,389 090,8.1,212.0,1,0,0,0,0,-0.1999999999999993,триллер
139,Хатико: Самый верный друг,140,"Великобритания, США","драма, семейный",Hachi: A Dog's Tale,2008,8.3,390 848,,,0,1,0,0,0,,драма
140,Железный человек,141,"США, Канада","фантастика, боевик",Iron Man,2008,7.9,391 180,,,0,1,0,0,0,,фантастика
141,Унесенные ветром,142,США,"мелодрама, история",Gone with the Wind,1939,8.4,145 693,,,0,0,0,0,1,,мелодрама
142,Стражи Галактики,143,США,"фантастика, боевик",Guardians of the Galaxy,2014,7.8,485 223,8.0,352.0,1,0,0,0,0,-0.20000000000000018,фантастика
143,Терминал,144,США,"драма, мелодрама","Terminal, The",2004,8.1,254 425,,,0,1,0,0,0,,драма
144,Хоббит: Пустошь Смауга,145,"Новая Зеландия, США","фэнтези, приключения","Hobbit: The Desolation of Smaug, The",2013,8.0,316 115,,,1,0,0,0,0,,фэнтези
145,Балто,146,США,"мультфильм, драма",Balto,1995,8.3,154 413,,,0,0,1,0,0,,мультфильм
146,Крестный отец 2,147,США,"драма, криминал","Godfather: Part II, The",1974,8.5,169 092,,,0,0,0,0,1,,драма
147,Вечное сияние чистого разума,148,США,"мелодрама, фантастика",Eternal Sunshine of the Spotless Mind,2004,8.0,347 818,8.3,98.0,0,1,0,0,0,-0.3000000000000007,мелодрама
148,В погоне за счастьем,149,США,"драма, биография","Pursuit of Happyness, The",2006,8.2,259 698,8.0,373.0,0,1,0,0,0,0.1999999999999993,драма
149,Люди в черном,150,США,"фантастика, боевик",Men in Black,1997,8.0,284 665,,,0,0,1,0,0,,фантастика
150,Берегись автомобиля,151,СССР,"мелодрама, комедия",-,1966,8.2,135 854,,,0,0,0,0,1,,мелодрама
151,Вторая жизнь Уве,152,Швеция,"драма, мелодрама",En man som heter Ove,2015,7.9,107 775,,,1,0,0,0,0,,драма
152,Иди и смотри,153,СССР,"драма, военный",-,1985,8.1,65 409,8.3,109.0,0,0,0,1,0,-0.20000000000000107,драма
153,Звёздные войны: Эпизод 6 – Возвращение Джедая,154,США,"фантастика, боевик",Star Wars: Episode VI - Return of the Jedi,1983,8.1,216 191,,,0,0,0,1,0,,фантастика
154,Красавица и чудовище,155,США,"мультфильм, мюзикл",Beauty and the Beast,1991,8.3,244 874,8.0,412.0,0,0,1,0,0,0.3000000000000007,мультфильм
155,Ледниковый период,156,США,"мультфильм, фэнтези",Ice Age,2002,8.0,303 646,,,0,1,0,0,0,,мультфильм
156,Шерлок Холмс и доктор Ватсон: Кровавая надпись,157,СССР,"криминал, детектив",-,1979,8.4,98 297,,,0,0,0,0,1,,криминал
157,Пятый элемент,158,"Франция, Великобритания","фантастика, боевик","Fifth Element, The",1997,8.1,401 907,,,0,0,1,0,0,,фантастика
158,Адвокат дьявола,159,"США, Германия","триллер, фэнтези","Devil's Advocate, The",1997,8.2,312 351,,,0,0,1,0,0,,триллер
159,Песнь моря,160,"Ирландия, Дания","мультфильм, фэнтези",Song of the Sea,2014,8.1,61 302,8.1,221.0,1,0,0,0,0,0.0,мультфильм
160,Последний самурай,161,"США, Новая Зеландия","боевик, драма","Last Samurai, The",2003,8.1,160 320,,,0,1,0,0,0,,боевик
161,Война,162,Россия,"боевик, драма",-,2002,7.9,84 734,,,0,1,0,0,0,,боевик
162,Шерлок Холмс и доктор Ватсон: Сокровища Агры,163,СССР,"мелодрама, криминал",-,1983,8.3,84 765,,,0,0,0,1,0,,мелодрама
163,Спасти рядового Райана,164,США,"драма, военный",Saving Private Ryan,1998,8.2,239 749,8.6,25.0,0,0,1,0,0,-0.40000000000000036,драма
164,Дурак,165,Россия,драма,-,2014,8.1,278 550,,,1,0,0,0,0,,драма
165,Паразиты,166,Корея Южная,"триллер, драма",Gisaengchung,2019,8.0,220 264,8.6,21.0,1,0,0,0,0,-0.5999999999999996,триллер
166,Далласский клуб покупателей,167,США,"драма, биография",Dallas Buyers Club,2013,7.8,234 239,8.0,371.0,1,0,0,0,0,-0.20000000000000018,драма
167,Остров собак,168,"Германия, Япония","мультфильм, фантастика",Isle of Dogs,2018,8.1,87 565,7.9,479.0,1,0,0,0,0,0.1999999999999993,мультфильм
168,Хранители,169,США,"фантастика, боевик",Watchmen,2009,7.6,206 224,,,0,1,0,0,0,,фантастика
169,Отель «Гранд Будапешт»,170,"Германия, США","комедия, приключения","Grand Budapest Hotel, The",2014,7.9,304 717,8.1,211.0,1,0,0,0,0,-0.1999999999999993,комедия
170,Шестое чувство,171,США,"детектив, фэнтези","Sixth Sense, The",1999,8.2,256 338,8.1,253.0,0,0,1,0,0,0.09999999999999964,детектив
171,Пираты Карибского моря: Сундук мертвеца,172,США,"фэнтези, боевик",Pirates of the Caribbean: Dead Man's Chest,2006,8.1,401 147,,,0,1,0,0,0,,фэнтези
172,Бесподобный мистер Фокс,173,"США, Великобритания","мультфильм, драма",Fantastic Mr. Fox,2009,7.9,70 104,,,0,1,0,0,0,,мультфильм
173,Двухсотлетний человек,174,"США, Германия","фантастика, драма",Bicentennial Man,1999,8.0,111 104,,,0,0,1,0,0,,фантастика
174,Человек-паук: Через вселенные,175,США,"мультфильм, фантастика",Spider-Man: Into the Spider-Verse,2018,8.0,274 882,,,1,0,0,0,0,,мультфильм
175,Казино,176,"Франция, США","драма, криминал",Casino,1995,8.1,126 411,8.2,169.0,0,0,1,0,0,-0.09999999999999964,драма
176,Крепкий орешек,177,США,"боевик, триллер",Die Hard,1988,8.0,210 366,8.2,174.0,0,0,0,1,0,-0.1999999999999993,боевик
177,Чужие,178,"Великобритания, США","ужасы, фантастика",Aliens,1986,8.0,170 693,8.3,110.0,0,0,0,1,0,-0.3000000000000007,ужасы
178,Хоббит: Битва пяти воинств,179,"Новая Зеландия, США","фэнтези, приключения","Hobbit: The Battle of the Five Armies, The",2014,7.8,254 277,,,1,0,0,0,0,,фэнтези
179,Капернаум,180,"Ливан, США",драма,Capharnaüm,2018,8.2,120 120,8.4,57.0,1,0,0,0,0,-0.20000000000000107,драма
180,Мимино,181,СССР,"драма, комедия",-,1977,8.1,97 688,,,0,0,0,0,1,,драма
181,Вам и не снилось...,182,СССР,"драма, мелодрама",-,1980,8.2,92 056,,,0,0,0,1,0,,драма
182,12 стульев,183,СССР,"комедия, приключения",-,1971,8.2,194 573,,,0,0,0,0,1,,комедия
183,Невероятный мир глазами Энцо,184,США,"драма, мелодрама","Art of Racing in the Rain, The",2019,7.9,42 199,,,1,0,0,0,0,,драма
184,Красота по-американски,185,США,драма,American Beauty,1999,8.0,203 227,8.3,102.0,0,0,1,0,0,-0.3000000000000007,драма
185,Славные парни,186,США,"драма, криминал",Goodfellas,1990,8.1,141 533,8.7,18.0,0,0,1,0,0,-0.5999999999999996,драма
186,Линкольн для адвоката,187,США,"триллер, драма","Lincoln Lawyer, The",2011,7.8,208 439,,,1,0,0,0,0,,триллер
187,Константин: Повелитель тьмы,188,"США, Германия","ужасы, фэнтези",Constantine,2005,7.8,298 087,,,0,1,0,0,0,,ужасы
188,Гонка,189,"Великобритания, Германия","спорт, драма",Rush,2013,8.1,183 075,8.1,218.0,1,0,0,0,0,0.0,спорт
189,Привидение,190,США,"мелодрама, фэнтези",Ghost,1990,8.2,220 756,,,0,0,1,0,0,,мелодрама
190,Мадагаскар,191,США,"мультфильм, комедия",Madagascar,2005,7.9,222 091,,,0,1,0,0,0,,мультфильм
191,Лига справедливости Зака Снайдера,192,"США, Великобритания","фантастика, боевик",Zack Snyder's Justice League,2021,8.0,401 174,8.1,228.0,1,0,0,0,0,-0.09999999999999964,фантастика
192,Пираты Карибского моря: На краю света,193,США,"фэнтези, боевик",Pirates of the Caribbean: At World's End,2007,8.0,355 036,,,0,1,0,0,0,,фэнтези
193,Дьявол носит Prada,194,"США, Франция","драма, комедия","Devil Wears Prada, The",2006,7.6,255 511,,,0,1,0,0,0,,драма
194,Жизнь других,195,"Германия, Франция","триллер, драма",Das Leben der Anderen,2006,8.1,104 706,8.4,72.0,0,1,0,0,0,-0.3000000000000007,триллер
195,Форма голоса,196,Япония,"аниме, мультфильм",Koe no katachi,2016,8.1,50 117,8.2,137.0,1,0,0,0,0,-0.09999999999999964,аниме
196,Старикам тут не место,197,"США, Мексика","триллер, драма",No Country for Old Men,2007,7.8,159 673,8.1,236.0,0,1,0,0,0,-0.2999999999999998,триллер
197,Баллада о солдате,198,СССР,"драма, мелодрама",-,1959,8.3,45 586,,,0,0,0,0,1,,драма
198,Убить Билла: Кровавое дело целиком,199,США,"боевик, триллер",Kill Bill: The Whole Bloody Affair,2011,8.2,13 292,,,1,0,0,0,0,,боевик
199,Мы купили зоопарк,200,США,"драма, семейный",We Bought a Zoo,2011,7.6,88 604,,,1,0,0,0,0,,драма
200,Гордость и предубеждение,201,"Франция, Великобритания","драма, мелодрама",Pride & Prejudice,2005,8.0,149 462,,,0,1,0,0,0,,драма
201,Спирит: Душа прерий,202,США,"мультфильм, драма",Spirit: Stallion of the Cimarron,2002,8.1,87 134,,,0,1,0,0,0,,мультфильм
202,Бешеные псы,203,США,"триллер, криминал",Reservoir Dogs,1991,8.1,227 761,8.3,107.0,0,0,1,0,0,-0.20000000000000107,триллер
203,Чужой,204,"Великобритания, США","ужасы, фантастика",Alien,1979,8.1,203 093,8.4,80.0,0,0,0,0,1,-0.3000000000000007,ужасы
204,Хористы,205,"Франция, Швейцария","драма, музыка","Choristes, Les",2004,8.3,115 023,,,0,1,0,0,0,,драма
205,Восточный ветер,206,Германия,"приключения, семейный",Ostwind,2013,8.0,39 246,,,1,0,0,0,0,,приключения
206,Работа без авторства,207,"Германия, Италия","биография, драма",Werk ohne Autor,2018,7.9,58 976,,,1,0,0,0,0,,биография
207,Как приручить дракона,208,США,"мультфильм, фэнтези",How to Train Your Dragon,2010,8.2,425 727,8.1,234.0,1,0,0,0,0,0.09999999999999964,мультфильм
208,Марсианин,209,"Великобритания, США","фантастика, приключения","Martian, The",2015,7.7,374 128,8.0,342.0,1,0,0,0,0,-0.2999999999999998,фантастика
209,Римские каникулы,210,США,"мелодрама, комедия",Roman Holiday,1953,8.3,104 175,8.0,457.0,0,0,0,0,1,0.3000000000000007,мелодрама
210,Искупление,211,"Великобритания, Франция","драма, мелодрама",Atonement,2007,8.0,138 156,,,0,1,0,0,0,,драма
211,За бортом,212,США,"мелодрама, комедия",Overboard,1987,8.0,82 102,,,0,0,0,1,0,,мелодрама
212,Мстители: Война бесконечности,213,США,"фантастика, боевик",Avengers: Infinity War,2018,7.9,551 253,8.4,65.0,1,0,0,0,0,-0.5,фантастика
213,Терминатор,214,"Великобритания, США","фантастика, боевик","Terminator, The",1984,8.0,244 606,8.0,420.0,0,0,0,1,0,0.0,фантастика
214,Пленницы,215,США,"триллер, драма",Prisoners,2013,7.7,183 889,8.1,224.0,1,0,0,0,0,-0.39999999999999947,триллер
215,Лучшее предложение,216,Италия,"триллер, драма",La migliore offerta,2012,8.0,236 907,,,1,0,0,0,0,,триллер
216,Небесный замок Лапута,217,Япония,"аниме, мультфильм",Tenkû no shiro Rapyuta,1986,8.2,52 816,8.0,419.0,0,0,0,1,0,0.1999999999999993,аниме
217,Красотка,218,США,"мелодрама, комедия",Pretty Woman,1990,7.9,204 635,,,0,0,1,0,0,,мелодрама
218,История игрушек: Большой побег,219,США,"мультфильм, фэнтези",Toy Story 3,2010,7.8,179 957,,,1,0,0,0,0,,мультфильм
219,Рок-н-рольщик,220,"США, Великобритания","криминал, боевик",RocknRolla,2008,7.8,196 439,,,0,1,0,0,0,,криминал
220,Помни,221,США,"триллер, детектив",Memento,2000,7.9,194 342,8.4,74.0,0,1,0,0,0,-0.5,триллер
221,Мстители,222,США,"фантастика, боевик","Avengers, The",2012,7.9,476 845,8.0,369.0,1,0,0,0,0,-0.09999999999999964,фантастика
222,Индиана Джонс и последний крестовый поход,223,США,"приключения, боевик",Indiana Jones and the Last Crusade,1989,8.1,137 195,8.2,171.0,0,0,0,1,0,-0.09999999999999964,приключения
223,Ведьмина служба доставки,224,Япония,"аниме, мультфильм",Majo no takkyûbin,1989,8.0,65 497,,,0,0,0,1,0,,аниме
224,Звёздные войны: Эпизод 1 – Скрытая угроза,225,США,"фантастика, фэнтези",Star Wars: Episode I - The Phantom Menace,1999,7.9,239 487,,,0,0,1,0,0,,фантастика
225,Брестская крепость,226,"Россия, Беларусь","военный, боевик",-,2010,8.0,111 378,,,1,0,0,0,0,,военный
226,Грань будущего,227,"США, Канада","фантастика, боевик",Edge of Tomorrow,2014,7.9,354 690,7.9,492.0,1,0,0,0,0,0.0,фантастика
227,Марли и я,228,США,"драма, комедия",Marley & Me,2008,7.8,130 380,,,0,1,0,0,0,,драма
228,Дом у озера,229,США,"фэнтези, драма","Lake House, The",2006,7.8,137 312,,,0,1,0,0,0,,фэнтези
229,Одарённая,230,США,драма,Gifted,2017,7.8,125 694,,,1,0,0,0,0,,драма
230,Лицо со шрамом,231,США,"драма, криминал",Scarface,1983,8.2,169 064,8.3,112.0,0,0,0,1,0,-0.10000000000000142,драма
231,Гнев,232,"США, Великобритания","боевик, триллер",Man on Fire,2004,7.9,125 975,,,0,1,0,0,0,,боевик
232,Скрытые фигуры,233,США,"драма, биография",Hidden Figures,2016,7.6,67 275,,,1,0,0,0,0,,драма
233,Гаттака,234,США,"фантастика, драма",Gattaca,1997,8.0,138 260,,,0,0,1,0,0,,фантастика
234,Эта замечательная жизнь,235,США,"фэнтези, драма",It's a Wonderful Life,1947,8.4,55 182,8.6,34.0,0,0,0,0,1,-0.1999999999999993,фэнтези
235,Области тьмы,236,"США, Мексика","фантастика, триллер",Limitless,2011,8.0,530 222,,,1,0,0,0,0,,фантастика
236,Джуманджи,237,США,"фэнтези, комедия",Jumanji,1995,7.8,185 839,,,0,0,1,0,0,,фэнтези
237,Гарри Поттер и Принц-полукровка,238,Великобритания,"фэнтези, приключения",Harry Potter and the Half-Blood Prince,2009,7.7,335 311,,,0,1,0,0,0,,фэнтези
238,Шерлок Холмс и доктор Ватсон: Смертельная схватка,239,СССР,"криминал, детектив",-,1980,8.4,97 469,,,0,0,0,1,0,,криминал
239,Город бога,240,"Бразилия, Франция","драма, криминал",Cidade de Deus,2002,8.0,112 724,,,0,1,0,0,0,,драма
240,Шерлок Холмс,241,"США, Германия","боевик, приключения",Sherlock Holmes,2009,8.1,412 288,,,0,1,0,0,0,,боевик
241,Навсикая из долины ветров,242,Япония,"аниме, мультфильм",Kaze no tani no Naushika,1984,8.1,54 730,,,0,0,0,1,0,,аниме
242,Апокалипсис,243,"США, Мексика","боевик, триллер",Apocalypto,2006,8.0,155 254,,,0,1,0,0,0,,боевик
243,Золотой телёнок,244,СССР,комедия,-,1968,8.2,93 823,,,0,0,0,0,1,,комедия
244,Король говорит!,245,"Великобритания, США","драма, биография","King's Speech, The",2010,8.0,231 255,8.0,358.0,1,0,0,0,0,0.0,драма
245,Гарри Поттер и Кубок огня,246,"Великобритания, США","фэнтези, приключения",Harry Potter and the Goblet of Fire,2005,7.9,346 672,,,0,1,0,0,0,,фэнтези
246,Вселенная Стивена Хокинга,247,"Великобритания, Япония","биография, мелодрама","Theory of Everything, The",2014,7.9,152 905,,,1,0,0,0,0,,биография
247,Самый быстрый Indian,248,"Новая Зеландия, Япония","драма, биография","World's Fastest Indian, The",2005,8.0,69 532,,,0,1,0,0,0,,драма
248,Малышка на миллион,249,США,"драма, спорт",Million Dollar Baby,2004,8.1,200 258,8.1,240.0,0,1,0,0,0,0.0,драма
249,Бойфренд из будущего,250,Великобритания,"фантастика, фэнтези",About Time,2013,7.9,142 360,,,1,0,0,0,0,,фантастика
250,О чём говорят мужчины,251,Россия,комедия,-,2010,7.8,228 194,,,1,0,0,0,0,,комедия
251,Холодное сердце,252,"США, Норвегия","мультфильм, мюзикл",Frozen,2013,7.8,388 708,,,1,0,0,0,0,,мультфильм
252,Эрнест и Селестина: Приключения мышки и медведя,253,"Франция, Бельгия","мультфильм, фэнтези",Ernest et Célestine,2012,8.0,16 625,,,1,0,0,0,0,,мультфильм
253,Лекарь: Ученик Авиценны,254,Германия,"приключения, история","Physician, The",2013,7.7,83 027,,,1,0,0,0,0,,приключения
254,Великий Гэтсби,255,"Австралия, США","драма, мелодрама","Great Gatsby, The",2013,7.9,337 964,,,1,0,0,0,0,,драма
255,"Знакомьтесь, Джо Блэк",256,США,"фэнтези, мелодрама",Meet Joe Black,1998,8.0,219 528,,,0,0,1,0,0,,фэнтези
256,Могила светлячков,257,"Япония, США","аниме, мультфильм",Hotaru no haka,1988,8.2,57 971,8.5,49.0,0,0,0,1,0,-0.3000000000000007,аниме
257,Кунг-фу Панда,258,США,"мультфильм, боевик",Kung Fu Panda,2008,7.8,219 219,,,0,1,0,0,0,,мультфильм
258,Пока не сыграл в ящик,259,США,"драма, комедия","Bucket List, The",2007,8.0,206 040,,,0,1,0,0,0,,драма
259,Предложение,260,США,"мелодрама, комедия","Proposal, The",2009,7.6,227 564,,,0,1,0,0,0,,мелодрама
260,История игрушек 2,261,США,"мультфильм, фэнтези",Toy Story 2,1999,7.8,116 071,,,0,0,1,0,0,,мультфильм
261,Октябрьское небо,262,США,"драма, семейный",October Sky,1999,8.0,54 008,,,0,0,1,0,0,,драма
262,Труп невесты,263,"США, Великобритания","мультфильм, мюзикл",Corpse Bride,2005,7.8,145 261,,,0,1,0,0,0,,мультфильм
263,Такси,264,Франция,"боевик, комедия",Taxi,1998,7.9,204 253,,,0,0,1,0,0,,боевик
264,Гангстер,265,"США, Великобритания","драма, криминал",American Gangster,2007,7.9,113 165,,,0,1,0,0,0,,драма
265,Эрин Брокович,266,США,"драма, биография",Erin Brockovich,2000,7.8,56 456,,,0,1,0,0,0,,драма
266,Суперсемейка,267,США,"мультфильм, боевик","Incredibles, The",2004,7.5,191 917,8.0,391.0,0,1,0,0,0,-0.5,мультфильм
267,Богемская рапсодия,268,"Великобритания, США","биография, музыка",Bohemian Rhapsody,2018,8.0,339 671,7.9,490.0,1,0,0,0,0,0.09999999999999964,биография
268,Жестокий романс,269,СССР,"драма, мелодрама",-,1984,8.1,95 068,,,0,0,0,1,0,,драма
269,Курьер,270,СССР,"драма, мелодрама",-,1986,8.0,102 201,,,0,0,0,1,0,,драма
270,Охота,271,"Дания, Швеция",драма,Jagten,2012,7.9,96 811,8.3,91.0,1,0,0,0,0,-0.40000000000000036,драма
271,Ветер крепчает,272,Япония,"аниме, мультфильм",Kaze tachinu,2013,7.9,57 863,,,1,0,0,0,0,,аниме
272,Выживший,273,"США, Гонконг","приключения, вестерн","Revenant, The",2015,7.8,306 306,8.0,355.0,1,0,0,0,0,-0.20000000000000018,приключения
273,Как украсть миллион,274,США,"комедия, криминал",How to Steal a Million,1966,8.2,80 620,,,0,0,0,0,1,,комедия
274,Огни большого города,275,США,"комедия, мелодрама",City Lights,1931,8.5,54 418,8.5,56.0,0,0,0,0,1,0.0,комедия
275,Догвилль,276,"Дания, Нидерланды","триллер, драма",Dogville,2003,7.9,118 887,8.0,393.0,0,1,0,0,0,-0.09999999999999964,триллер
276,Собачья жизнь,277,"США, Индия","фэнтези, драма",A Dog's Purpose,2017,7.9,114 868,,,1,0,0,0,0,,фэнтези
277,Заплати другому,278,США,драма,Pay It Forward,2000,8.1,132 276,,,0,1,0,0,0,,драма
278,Хороший год,279,"США, Великобритания","драма, мелодрама",A Good Year,2006,7.7,92 960,,,0,1,0,0,0,,драма
279,Стажёр,280,США,"мелодрама, комедия","Intern, The",2015,7.6,215 250,,,1,0,0,0,0,,мелодрама
280,Невероятная жизнь Уолтера Митти,281,"США, Великобритания","комедия, приключения","Secret Life of Walter Mitty, The",2013,7.7,204 785,,,1,0,0,0,0,,комедия
281,Нокдаун,282,США,"драма, мелодрама",Cinderella Man,2005,8.2,123 734,8.0,387.0,0,1,0,0,0,0.1999999999999993,драма
282,Отец,283,"Великобритания, Франция",драма,"Father, The",2020,7.9,26 110,8.3,95.0,1,0,0,0,0,-0.40000000000000036,драма
283,Королевство полной луны,284,США,"семейный, комедия",Moonrise Kingdom,2012,7.6,133 112,,,1,0,0,0,0,,семейный
284,Психо,285,США,"триллер, ужасы",Psycho,1960,8.1,110 659,8.5,52.0,0,0,0,0,1,-0.40000000000000036,триллер
285,Планета Ка-Пэкс,286,"Германия, США","фантастика, драма",K-PAX,2001,8.0,166 049,,,0,1,0,0,0,,фантастика
286,Коралина в Стране Кошмаров,287,США,"мультфильм, фэнтези",Coraline,2008,7.7,131 127,,,0,1,0,0,0,,мультфильм
287,Планета сокровищ,288,США,"мультфильм, фантастика",Treasure Planet,2002,8.1,58 854,,,0,1,0,0,0,,мультфильм
288,Звёздные войны: Эпизод 2 – Атака клонов,289,США,"фантастика, боевик",Star Wars: Episode II - Attack of the Clones,2002,8.0,203 914,,,0,1,0,0,0,,фантастика
289,Ворошиловский стрелок,290,Россия,"драма, криминал",-,1999,7.8,135 589,,,0,0,1,0,0,,драма
290,В случае убийства набирайте `М`,291,США,"фильм-нуар, триллер",Dial M for Murder,1954,8.1,38 342,,,0,0,0,0,1,,фильм-нуар
291,12 лет рабства,292,"США, Великобритания","драма, биография",12 Years a Slave,2013,7.7,193 130,8.1,217.0,1,0,0,0,0,-0.39999999999999947,драма
292,Судья,293,США,драма,"Judge, The",2014,7.8,164 049,,,1,0,0,0,0,,драма
293,Бёрдмэн,294,США,"драма, комедия",Birdman or (The Unexpected Virtue of Ignorance),2014,7.6,192 056,,,1,0,0,0,0,,драма
294,Приключения Шерлока Холмса и доктора Ватсона: Охота на тигра,295,СССР,"криминал, детектив",-,1980,8.4,87 469,,,0,0,0,1,0,,криминал
295,Бэтмен: Начало,296,"США, Великобритания","боевик, фантастика",Batman Begins,2005,7.9,261 656,8.2,159.0,0,1,0,0,0,-0.29999999999999893,боевик
296,Дитя погоды,297,Япония,"аниме, мультфильм",Tenki no ko,2019,7.9,53 368,,,1,0,0,0,0,,аниме
297,Расправь крылья,298,"Франция, Норвегия","драма, семейный",Donne-moi des ailes,2019,8.0,44 494,,,1,0,0,0,0,,драма
298,Цельнометаллическая оболочка,299,"Великобритания, США","драма, военный",Full Metal Jacket,1987,8.0,124 237,8.3,108.0,0,0,0,1,0,-0.3000000000000007,драма
299,Маска,300,США,"комедия, фэнтези","Mask, The",1994,8.0,276 588,,,0,0,1,0,0,,комедия
300,Того,301,США,"драма, приключения",Togo,2019,8.0,54 502,8.0,336.0,1,0,0,0,0,0.0,драма
301,Андрей Рублев,302,СССР,"драма, биография",-,1966,8.2,47 640,,,0,0,0,0,1,,драма
302,Человек-паук,303,США,"фантастика, боевик",Spider-Man,2002,7.6,253 332,,,0,1,0,0,0,,фантастика
303,День выборов,304,Россия,комедия,-,2007,7.8,101 170,,,0,1,0,0,0,,комедия
304,Реквием по мечте,305,США,драма,Requiem for a Dream,2000,8.0,283 250,8.3,101.0,0,1,0,0,0,-0.3000000000000007,драма
305,Аватар,306,"США, Великобритания","фантастика, боевик",Avatar,2009,7.9,625 288,,,0,1,0,0,0,,фантастика
306,Господин Никто,307,"Бельгия, Германия","фантастика, мелодрама",Mr. Nobody,2009,7.9,212 992,,,0,1,0,0,0,,фантастика
307,Апокалипсис сегодня,308,США,"военный, драма",Apocalypse Now,1979,8.1,102 271,8.4,79.0,0,0,0,0,1,-0.3000000000000007,военный
308,Жизнь Дэвида Гейла,309,"США, Германия","триллер, драма","Life of David Gale, The",2002,8.1,151 442,,,0,1,0,0,0,,триллер
309,Ученик чудовища,310,Япония,"аниме, мультфильм",Bakemono no ko,2015,8.0,32 594,,,1,0,0,0,0,,аниме
310,"Ван Гог. С любовью, Винсент",311,"Польша, Великобритания","мультфильм, биография",Loving Vincent,2017,8.2,33 263,,,1,0,0,0,0,,мультфильм
311,Кролик Джоджо,312,"Новая Зеландия, Чехия","драма, комедия",Jojo Rabbit,2019,7.9,93 353,7.9,485.0,1,0,0,0,0,0.0,драма
312,Мальчишник в Вегасе,313,США,комедия,"Hangover, The",2009,7.9,278 058,,,0,1,0,0,0,,комедия
313,Танцующий с волками,314,"США, Великобритания","драма, вестерн",Dances with Wolves,1990,8.1,56 104,8.0,413.0,0,0,1,0,0,0.09999999999999964,драма
314,Семь самураев,315,Япония,"драма, приключения",Shichinin no samurai,1954,8.2,41 673,8.6,33.0,0,0,0,0,1,-0.40000000000000036,драма
315,Чудо,316,"США, Гонконг","драма, семейный",Wonder,2017,8.0,159 347,8.0,346.0,1,0,0,0,0,0.0,драма
316,Алеша Попович и Тугарин Змей,317,Россия,"мультфильм, комедия",-,2004,7.7,174 665,,,0,1,0,0,0,,мультфильм
317,Чтец,318,"Германия, США","драма, мелодрама","Reader, The",2008,7.9,119 591,,,0,1,0,0,0,,драма
318,Не может быть!,319,СССР,"мелодрама, комедия",-,1975,8.1,96 399,,,0,0,0,0,1,,мелодрама
319,Гарри Поттер и Дары Смерти: Часть I,320,"Великобритания, США","фэнтези, приключения",Harry Potter and the Deathly Hallows: Part 1,2010,7.8,340 634,,,1,0,0,0,0,,фэнтези
320,Призрак в доспехах,321,Япония,"аниме, мультфильм",Kokaku kidotai,1995,8.0,47 793,8.0,405.0,0,0,1,0,0,0.0,аниме
321,Человек с бульвара Капуцинов,322,СССР,"комедия, вестерн",-,1987,8.0,88 861,,,0,0,0,1,0,,комедия
322,Анастасия,323,США,"мультфильм, мюзикл",Anastasia,1997,8.1,138 428,,,0,0,1,0,0,,мультфильм
323,Убить Билла,324,"США, Япония","боевик, триллер",Kill Bill: Vol. 1,2003,7.6,209 709,8.1,246.0,0,1,0,0,0,-0.5,боевик
324,Дневник памяти,325,США,"драма, мелодрама","Notebook, The",2004,8.2,302 283,,,0,1,0,0,0,,драма
325,Гарри Поттер и Орден Феникса,326,"Великобритания, США","фэнтези, приключения",Harry Potter and the Order of the Phoenix,2007,7.7,330 232,,,0,1,0,0,0,,фэнтези
326,Джокер,327,"США, Канада","триллер, драма",Joker,2019,8.0,436 975,8.4,58.0,1,0,0,0,0,-0.40000000000000036,триллер
327,Обыкновенное чудо,328,СССР,"мюзикл, фэнтези",-,1978,8.2,78 558,,,0,0,0,0,1,,мюзикл
328,Амадей,329,"США, Франция","драма, биография",Amadeus,1984,8.2,56 617,8.3,111.0,0,0,0,1,0,-0.10000000000000142,драма
329,На игле,330,Великобритания,"драма, криминал",Trainspotting,1995,7.9,148 983,8.1,260.0,0,0,1,0,0,-0.1999999999999993,драма
330,Законопослушный гражданин,331,США,"боевик, триллер",Law Abiding Citizen,2009,8.0,336 220,,,0,1,0,0,0,,боевик
331,Кошмар перед Рождеством,332,США,"мультфильм, мюзикл","Nightmare Before Christmas, The",1993,8.0,94 141,8.0,406.0,0,0,1,0,0,0.0,мультфильм
332,Покровские ворота,333,СССР,"мюзикл, драма",-,1982,8.2,97 182,,,0,0,0,1,0,,мюзикл
333,Город героев,334,"США, Япония","мультфильм, фантастика",Big Hero 6,2014,7.9,192 978,,,1,0,0,0,0,,мультфильм
334,Я – легенда,335,США,"фантастика, боевик",I Am Legend,2007,7.9,335 384,,,0,1,0,0,0,,фантастика
335,Правила съема: Метод Хитча,336,США,"мелодрама, комедия",Hitch,2005,7.7,180 598,,,0,1,0,0,0,,мелодрама
336,Пила: Игра на выживание,337,США,"ужасы, триллер",Saw,2004,7.8,147 720,,,0,1,0,0,0,,ужасы
337,Безумный Макс: Дорога ярости,338,"Австралия, США","боевик, фантастика",Mad Max: Fury Road,2015,7.8,311 293,8.1,225.0,1,0,0,0,0,-0.2999999999999998,боевик
338,Геркулес,339,"США, Франция","мультфильм, мюзикл",Hercules,1997,8.1,75 980,,,0,0,1,0,0,,мультфильм
339,Нечто,340,США,"ужасы, фантастика","Thing, The",1982,7.9,89 854,8.1,280.0,0,0,0,1,0,-0.1999999999999993,ужасы
340,Отпуск по обмену,341,США,"мелодрама, комедия","Holiday, The",2006,7.6,178 759,,,0,1,0,0,0,,мелодрама
341,Уроки фарси,342,"Россия, Германия","драма, военный",Persian Lessons,2020,7.9,37 220,,,1,0,0,0,0,,драма
342,Радио,343,США,"драма, биография",Radio,2003,7.9,16 054,,,0,1,0,0,0,,драма
343,Мост в Терабитию,344,США,"фэнтези, драма",Bridge to Terabithia,2006,7.8,142 800,,,0,1,0,0,0,,фэнтези
344,Земля до начала времен,345,"США, Ирландия","мультфильм, драма","Land Before Time, The",1988,8.0,60 310,,,0,0,0,1,0,,мультфильм
345,Гараж,346,СССР,"драма, комедия",-,1979,8.0,78 129,,,0,0,0,0,1,,драма
346,Убить Билла 2,347,США,"боевик, триллер",Kill Bill: Vol. 2,2004,7.5,161 904,8.0,383.0,0,1,0,0,0,-0.5,боевик
347,101 далматинец,348,США,"мультфильм, семейный",One Hundred and One Dalmatians,1961,8.0,80 865,,,0,0,0,0,1,,мультфильм
348,Хищник,349,"США, Мексика","фантастика, боевик",Predator,1987,7.9,136 060,,,0,0,0,1,0,,фантастика
349,Город грехов,350,США,"боевик, триллер",Sin City,2005,7.9,210 653,8.0,377.0,0,1,0,0,0,-0.09999999999999964,боевик
350,Гамильтон,351,США,"мюзикл, драма",Hamilton,2020,8.3,1 779,8.5,35.0,1,0,0,0,0,-0.1999999999999993,мюзикл
351,Афоня,352,СССР,"драма, мелодрама",-,1975,8.0,125 791,,,0,0,0,0,1,,драма
352,Kingsman: Секретная служба,353,"Великобритания, США","боевик, комедия",Kingsman: The Secret Service,2015,7.6,308 998,,,1,0,0,0,0,,боевик
353,Одиннадцать друзей Оушена,354,США,"триллер, криминал",Ocean's Eleven,2001,8.1,300 237,,,0,1,0,0,0,,триллер
354,Мемуары гейши,355,"США, Япония","драма, мелодрама",Memoirs of a Geisha,2005,8.0,109 520,,,0,1,0,0,0,,драма
355,Писатели свободы,356,"Германия, США","драма, криминал",Freedom Writers,2006,8.0,45 514,,,0,1,0,0,0,,драма
356,Маленький принц,357,"Франция, Канада","мультфильм, фэнтези",Le Petit Prince,2015,7.9,54 548,,,1,0,0,0,0,,мультфильм
357,Собачья жизнь 2,358,"США, Китай","фэнтези, драма",A Dog's Journey,2019,8.0,62 879,,,1,0,0,0,0,,фэнтези
358,Типа крутые легавые,359,"Великобритания, Франция","боевик, триллер",Hot Fuzz,2007,7.6,140 751,,,0,1,0,0,0,,боевик
359,Патриот,360,"США, Германия","боевик, драма","Patriot, The",2000,7.9,71 348,,,0,1,0,0,0,,боевик
360,Шерлок Холмс и доктор Ватсон: Двадцатый век начинается,361,СССР,"триллер, криминал",-,1986,8.2,45 988,,,0,0,0,1,0,,триллер
361,Ла-Ла Ленд,362,"США, Гонконг","мюзикл, драма",La La Land,2016,7.9,224 944,8.0,340.0,1,0,0,0,0,-0.09999999999999964,мюзикл
362,Схватка,363,США,"триллер, драма",Heat,1995,8.0,114 402,8.2,168.0,0,0,1,0,0,-0.1999999999999993,триллер
363,Холодное лето пятьдесят третьего...,364,СССР,"драма, криминал",-,1987,8.1,56 970,,,0,0,0,1,0,,драма
364,Век Адалин,365,"США, Канада","драма, мелодрама","Age of Adaline, The",2015,7.6,207 435,,,1,0,0,0,0,,драма
365,Нефть,366,США,драма,There Will Be Blood,2007,7.8,92 847,8.2,155.0,0,1,0,0,0,-0.39999999999999947,драма
366,Логан,367,США,"фантастика, боевик",Logan,2017,7.5,255 267,8.1,204.0,1,0,0,0,0,-0.5999999999999996,фантастика
367,Полночь в Париже,368,"США, Испания","фэнтези, мелодрама",Midnight in Paris,2011,7.7,155 050,,,1,0,0,0,0,,фэнтези
368,Учитель на замену,369,США,драма,Detachment,2011,7.8,90 710,,,1,0,0,0,0,,драма
369,Лило и Стич,370,США,"мультфильм, фантастика",Lilo & Stitch,2002,7.6,63 183,,,0,1,0,0,0,,мультфильм
370,Ковбой Бибоп,371,"Япония, США","аниме, мультфильм",Cowboy Bebop: Tengoku no tobira,2001,7.9,15 598,,,0,1,0,0,0,,аниме
371,Моана,372,США,"мультфильм, мюзикл",Moana,2016,7.6,241 691,,,1,0,0,0,0,,мультфильм
372,Сталкер,373,СССР,"фантастика, драма",-,1979,8.1,93 135,8.1,285.0,0,0,0,0,1,0.0,фантастика
373,Фрида,374,"Мексика, США","драма, мелодрама",Frida,2002,7.9,52 076,,,0,1,0,0,0,,драма
374,На несколько долларов больше,375,"Италия, Испания","вестерн, драма",Per qualche dollaro in più,1965,8.2,50 854,8.2,182.0,0,0,0,0,1,0.0,вестерн
375,Эдвард руки-ножницы,376,США,"фэнтези, драма",Edward Scissorhands,1990,8.0,181 349,,,0,0,1,0,0,,фэнтези
376,Шерлок Холмс: Игра теней,377,"США, Великобритания","боевик, приключения",Sherlock Holmes: A Game of Shadows,2011,7.8,255 708,,,1,0,0,0,0,,боевик
377,ДМБ,378,Россия,комедия,-,2000,7.8,48 613,,,0,1,0,0,0,,комедия
378,Вперёд,379,США,"мультфильм, фэнтези",Onward,2019,7.7,96 332,,,1,0,0,0,0,,мультфильм
379,Искусственный разум,380,"США, Великобритания","фантастика, драма",Artificial Intelligence: AI,2001,7.9,129 482,,,0,1,0,0,0,,фантастика
380,Ральф,381,США,"мультфильм, фэнтези",Wreck-It Ralph,2012,7.8,163 254,,,1,0,0,0,0,,мультфильм
381,Смертельное оружие,382,США,"боевик, триллер",Lethal Weapon,1987,8.0,76 758,,,0,0,0,1,0,,боевик
382,Рапунцель: Запутанная история,383,США,"мультфильм, мюзикл",Tangled,2010,7.9,312 595,,,1,0,0,0,0,,мультфильм
383,1917,384,"США, Великобритания","военный, боевик",1917,2019,7.9,140 374,8.3,88.0,1,0,0,0,0,-0.40000000000000036,военный
384,Индиана Джонс: В поисках утраченного ковчега,385,США,"приключения, боевик",Raiders of the Lost Ark,1981,8.0,120 408,8.4,77.0,0,0,0,1,0,-0.40000000000000036,приключения
385,Секреты Лос-Анджелеса,386,США,"триллер, драма",L.A. Confidential,1997,7.9,76 465,8.2,166.0,0,0,1,0,0,-0.29999999999999893,триллер
386,…А в душе я танцую,387,"Великобритания, Ирландия","драма, комедия",Inside I'm Dancing,2004,8.1,147 828,,,0,1,0,0,0,,драма
387,Жизнь Пи,388,"США, Тайвань","фэнтези, драма",Life of Pi,2012,7.8,238 933,,,1,0,0,0,0,,фэнтези
388,Форсаж,389,"США, Германия","боевик, триллер","Fast and the Furious, The",2001,7.7,181 457,,,0,1,0,0,0,,боевик
389,Невидимый гость,390,Испания,"триллер, драма",Contratiempo,2016,7.8,210 081,8.1,200.0,1,0,0,0,0,-0.2999999999999998,триллер
390,Убойные каникулы,391,Канада,"ужасы, комедия",Tucker and Dale vs Evil,2010,7.6,154 919,,,1,0,0,0,0,,ужасы
391,Шерлок Холмс и доктор Ватсон: Король шантажа,392,СССР,"криминал, детектив",-,1980,8.3,82 357,,,0,0,0,1,0,,криминал
392,Мумия,393,"США, Великобритания","фэнтези, приключения","Mummy, The",1999,7.8,170 655,,,0,0,1,0,0,,фэнтези
393,Матрица: Революция,394,США,"фантастика, боевик","Matrix Revolutions, The",2003,7.6,176 363,,,0,1,0,0,0,,фантастика
394,Белорусский вокзал,395,СССР,драма,-,1971,8.1,19 479,,,0,0,0,0,1,,драма
395,Десять негритят,396,СССР,"криминал, детектив",-,1987,8.1,53 114,,,0,0,0,1,0,,криминал
396,Опасная игра Слоун,397,"Франция, США","триллер, драма",Miss Sloane,2016,7.7,95 588,,,1,0,0,0,0,,триллер
397,Темные воды,398,США,"триллер, драма",Dark Waters,2019,7.7,69 250,,,1,0,0,0,0,,триллер
398,Невероятные приключения итальянцев в России,399,"СССР, Италия","комедия, приключения",-,1973,8.0,141 410,,,0,0,0,0,1,,комедия
399,Человек-слон,400,"США, Великобритания","драма, биография","Elephant Man, The",1980,8.1,58 251,8.1,284.0,0,0,0,1,0,0.0,драма
400,Полосатый рейс,401,СССР,"комедия, семейный",-,1961,8.0,103 491,,,0,0,0,0,1,,комедия
401,Три плюс два,402,СССР,"мелодрама, комедия",-,1963,8.0,83 415,,,0,0,0,0,1,,мелодрама
402,Любовное настроение,403,Гонконг,"драма, мелодрама",Faa yeung nin wa,2000,7.9,26 854,8.1,259.0,0,1,0,0,0,-0.1999999999999993,драма
403,Амели,404,"Франция, Германия","мелодрама, комедия","Fabuleux destin d'Amélie Poulain, Le",2001,8.0,244 454,8.3,99.0,0,1,0,0,0,-0.3000000000000007,мелодрама
404,Парк Юрского периода,405,США,"приключения, фантастика",Jurassic Park,1993,7.8,137 708,,,0,0,1,0,0,,приключения
405,Леди и бродяга,406,США,"мультфильм, драма",Lady and the Tramp,1955,8.2,110 620,,,0,0,0,0,1,,мультфильм
406,Майор Пэйн,407,США,"комедия, приключения",Major Payne,1995,7.6,105 345,,,0,0,1,0,0,,комедия
407,Стражи Галактики. Часть 2,408,США,"фантастика, боевик",Guardians of the Galaxy Vol. 2,2017,7.6,317 237,,,1,0,0,0,0,,фантастика
408,Как приручить дракона 2,409,США,"мультфильм, фэнтези",How to Train Your Dragon 2,2014,7.9,203 086,,,1,0,0,0,0,,мультфильм
409,Бемби,410,США,"мультфильм, драма",Bambi,1942,8.1,62 947,,,0,0,0,0,1,,мультфильм
410,Залечь на дно в Брюгге,411,"Великобритания, США","комедия, криминал",In Bruges,2007,7.8,189 928,,,0,1,0,0,0,,комедия
411,Бункер,412,"Германия, Австрия","драма, военный",Der Untergang,2004,7.8,37 348,8.2,161.0,0,1,0,0,0,-0.39999999999999947,драма
412,Воин,413,США,"драма, спорт",Warrior,2011,8.0,160 141,8.1,226.0,1,0,0,0,0,-0.09999999999999964,драма
413,Самая обаятельная и привлекательная,414,СССР,"мелодрама, комедия",-,1985,8.1,89 877,,,0,0,0,1,0,,мелодрама
414,Укрась прощальное утро цветами обещания,415,Япония,"аниме, мультфильм",Sayonara no asa ni yakusoku no hana o kazaro,2018,7.9,37 540,,,1,0,0,0,0,,аниме
415,Клуб `Завтрак`,416,США,"драма, комедия","Breakfast Club, The",1985,8.0,71 055,,,0,0,0,1,0,,драма
416,Я шагаю по Москве,417,СССР,"мелодрама, комедия",-,1963,8.0,41 870,,,0,0,0,0,1,,мелодрама
417,Артист,418,"Франция, Бельгия","драма, мелодрама","Artist, The",2011,7.9,90 553,7.9,491.0,1,0,0,0,0,0.0,драма
418,Интервью с вампиром,419,США,"ужасы, фэнтези",Interview with the Vampire: The Vampire Chronicles,1994,8.0,186 006,,,0,0,1,0,0,,ужасы
419,"Я, робот",420,"США, Германия","фантастика, боевик","I, Robot",2004,7.8,277 615,,,0,1,0,0,0,,фантастика
420,Грязь,421,"Великобритания, Германия","криминал, комедия",Filth,2013,7.6,214 674,,,1,0,0,0,0,,криминал
421,Цветы войны,422,"Китай, Гонконг","военный, боевик",Jin ling shi san chai,2011,7.9,40 882,,,1,0,0,0,0,,военный
422,Рыбка Поньо на утесе,423,Япония,"аниме, мультфильм",Gake no ue no Ponyo,2008,7.8,54 603,,,0,1,0,0,0,,аниме
423,Красный Дракон,424,"Германия, США","триллер, драма",Red Dragon,2002,7.8,96 309,,,0,1,0,0,0,,триллер
424,Всегда говори `ДА`,425,"США, Великобритания",комедия,Yes Man,2008,7.8,237 978,,,0,1,0,0,0,,комедия
425,Отпетые мошенники,426,США,"комедия, криминал",Dirty Rotten Scoundrels,1988,8.0,38 550,,,0,0,0,1,0,,комедия
426,Блеф,427,Италия,"комедия, криминал",Bluff storia di truffe e di imbroglioni,1976,8.2,94 515,,,0,0,0,0,1,,комедия
427,Эйс Вентура: Розыск домашних животных,428,США,"комедия, детектив",Ace Ventura: Pet Detective,1993,7.8,141 150,,,0,0,1,0,0,,комедия
428,Перед рассветом,429,"США, Австрия","драма, мелодрама",Before Sunrise,1995,7.9,31 409,8.1,265.0,0,0,1,0,0,-0.1999999999999993,драма
429,Доживем до понедельника,430,СССР,"мелодрама, драма",-,1968,8.1,37 402,,,0,0,0,0,1,,мелодрама
430,Шёпот сердца,431,Япония,"аниме, мультфильм",Mimi wo sumaseba,1995,8.3,38 439,,,0,0,1,0,0,,аниме
431,Девять ярдов,432,США,"комедия, криминал","Whole Nine Yards, The",2000,7.7,107 320,,,0,1,0,0,0,,комедия
432,Царство небесное,433,"США, Испания","боевик, драма",Kingdom of Heaven,2005,7.6,102 373,,,0,1,0,0,0,,боевик
433,Окно во двор,434,США,"триллер, детектив",Rear Window,1954,8.0,48 679,8.5,53.0,0,0,0,0,1,-0.5,триллер
434,Социальная сеть,435,США,"драма, биография","Social Network, The",2010,7.7,259 152,,,1,0,0,0,0,,драма
435,Формула любви,436,СССР,"мелодрама, комедия",-,1984,8.2,50 636,,,0,0,0,1,0,,мелодрама
436,Большой Лебовски,437,"США, Великобритания","комедия, криминал","Big Lebowski, The",1998,7.8,180 934,8.1,258.0,0,0,1,0,0,-0.2999999999999998,комедия
437,Матрица: Перезагрузка,438,США,"фантастика, боевик","Matrix Reloaded, The",2003,7.7,204 584,,,0,1,0,0,0,,фантастика
438,Казино Рояль,439,"Великобритания, Чехия","боевик, триллер",Casino Royale,2006,7.7,145 917,8.0,382.0,0,1,0,0,0,-0.2999999999999998,боевик
439,Охотники за привидениями,440,США,"фантастика, фэнтези",Ghostbusters,1984,8.0,129 896,,,0,0,0,1,0,,фантастика
440,Таинственная река,441,"США, Австралия","триллер, драма",Mystic River,2003,7.8,95 293,,,0,1,0,0,0,,триллер
441,Парфюмер: История одного убийцы,442,"Германия, Франция","драма, криминал",Perfume: The Story of a Murderer,2006,7.7,196 292,,,0,1,0,0,0,,драма
442,Похождения императора,443,США,"мультфильм, фэнтези","Emperor's New Groove, The",2000,7.9,58 646,,,0,1,0,0,0,,мультфильм
443,Меня зовут Кхан,444,"Индия, США",драма,My Name Is Khan,2010,8.1,71 859,8.0,364.0,1,0,0,0,0,0.09999999999999964,драма
444,Легенды осени,445,США,"драма, мелодрама",Legends of the Fall,1994,8.0,73 480,,,0,0,1,0,0,,драма
445,Отверженные,446,"Великобритания, США","мюзикл, драма",Les Misérables,2012,7.9,83 930,,,1,0,0,0,0,,мюзикл
446,Невозможное,447,"Испания, Таиланд",драма,Lo imposible,2012,7.9,104 582,,,1,0,0,0,0,,драма
447,Особенности национальной охоты,448,Россия,комедия,-,1995,7.6,101 376,,,0,0,1,0,0,,комедия
448,Святые из Бундока,449,"США, Канада","боевик, триллер","Boondock Saints, The",1999,7.9,116 133,,,0,0,1,0,0,,боевик
449,Ип Ман,450,"Гонконг, Китай","биография, боевик",Yip Man,2008,8.2,85 369,8.0,363.0,0,1,0,0,0,0.1999999999999993,биография
450,Гадкий я,451,"США, Франция","мультфильм, фэнтези",Despicable Me,2010,7.7,201 952,,,1,0,0,0,0,,мультфильм
451,Рокки,452,США,"драма, спорт",Rocky,1976,8.0,96 101,8.1,288.0,0,0,0,0,1,-0.09999999999999964,драма
452,Банды Нью-Йорка,453,"США, Германия","драма, криминал",Gangs of New York,2002,7.7,150 793,,,0,1,0,0,0,,драма
453,Бронкская история,454,США,"драма, мелодрама",A Bronx Tale,1993,8.0,34 110,,,0,0,1,0,0,,драма
454,Миллионер из трущоб,455,"Великобритания, США","драма, мелодрама",Slumdog Millionaire,2008,7.7,209 461,8.0,366.0,0,1,0,0,0,-0.2999999999999998,драма
455,Грязные танцы,456,США,"драма, мелодрама",Dirty Dancing,1987,8.0,105 715,,,0,0,0,1,0,,драма
456,Кин-дза-дза!,457,СССР,"фантастика, драма",-,1986,7.9,133 304,,,0,0,0,1,0,,фантастика
457,Великая красота,458,"Италия, Франция","драма, комедия",La grande bellezza,2013,7.6,34 488,,,1,0,0,0,0,,драма
458,Нюрнбергский процесс,459,США,"драма, военный",Judgment at Nuremberg,1961,8.1,14 618,8.2,185.0,0,0,0,0,1,-0.09999999999999964,драма
459,300 спартанцев,460,"США, Канада","боевик, драма",300,2007,7.6,205 958,,,0,1,0,0,0,,боевик
460,Разрисованная вуаль,461,"США, Канада","драма, мелодрама","Painted Veil, The",2006,7.9,83 336,,,0,1,0,0,0,,драма
461,Остров,462,Россия,драма,-,2006,7.9,67 718,,,0,1,0,0,0,,драма
462,Бегущий по лезвию,463,США,"фантастика, триллер",Blade Runner,1982,7.7,133 782,8.1,283.0,0,0,0,1,0,-0.39999999999999947,фантастика
463,"Я, Эрл и умирающая девушка",464,США,"драма, комедия",Me and Earl and the Dying Girl,2015,7.6,40 973,,,1,0,0,0,0,,драма
464,Вечера на хуторе близ Диканьки,465,СССР,"фэнтези, мелодрама",-,1961,8.0,82 516,,,0,0,0,0,1,,фэнтези
465,Один день,466,"США, Великобритания","драма, мелодрама",One Day,2011,7.7,128 911,,,1,0,0,0,0,,драма
466,Иллюзионист,467,"США, Чехия","фэнтези, триллер","Illusionist, The",2005,8.0,252 142,,,0,1,0,0,0,,фэнтези
467,"В лес, где мерцают светлячки",468,Япония,"аниме, мультфильм",Hotarubi no mori e,2011,8.2,22 767,,,1,0,0,0,0,,аниме
468,"Доктор Стрейнджлав, или Как я научился не волноваться и полюбил атомную бомбу",469,"Великобритания, США","триллер, комедия",Dr. Strangelove or: How I Learned to Stop Worrying and Love the Bomb,1963,8.1,45 609,8.4,82.0,0,0,0,0,1,-0.3000000000000007,триллер
469,Игра в имитацию,470,"Великобритания, США","триллер, драма","Imitation Game, The",2014,7.6,201 201,8.0,351.0,1,0,0,0,0,-0.40000000000000036,триллер
470,Восхождение,471,СССР,"драма, военный",-,1976,8.1,13 158,,,0,0,0,0,1,,драма
471,Танцующая в темноте,472,"Дания, Швеция","мюзикл, драма",Dancer in the Dark,2000,7.9,51 652,8.0,397.0,0,1,0,0,0,-0.09999999999999964,мюзикл
472,Живая сталь,473,"США, Индия","фантастика, боевик",Real Steel,2011,7.6,300 116,,,1,0,0,0,0,,фантастика
473,Чарли и шоколадная фабрика,474,США,"мюзикл, фэнтези",Charlie and the Chocolate Factory,2005,7.6,279 823,,,0,1,0,0,0,,мюзикл
474,Проклятый путь,475,США,"триллер, драма",Road to Perdition,2002,7.6,63 249,,,0,1,0,0,0,,триллер
475,Спящая красавица,476,США,"мультфильм, мюзикл",Sleeping Beauty,1958,8.0,51 689,,,0,0,0,0,1,,мультфильм
476,"Человек, который изменил всё",477,США,"биография, спорт",Moneyball,2011,7.7,125 092,,,1,0,0,0,0,,биография
477,Белый плен,478,"США, Канада","драма, приключения",Eight Below,2005,8.1,129 012,,,0,1,0,0,0,,драма
478,Университет монстров,479,США,"мультфильм, фэнтези",Monsters University,2013,7.6,153 689,,,1,0,0,0,0,,мультфильм
479,Приключения Паддингтона 2,480,"Великобритания, Франция","фэнтези, комедия",Paddington 2,2017,7.7,78 732,,,1,0,0,0,0,,фэнтези
480,Бегущий по лезвию 2049,481,"США, Великобритания","фантастика, боевик",Blade Runner 2049,2017,7.7,224 590,8.0,353.0,1,0,0,0,0,-0.2999999999999998,фантастика
481,Контакт,482,США,"фантастика, триллер",Contact,1997,7.9,59 815,,,0,0,1,0,0,,фантастика
482,Олдбой,483,Корея Южная,"триллер, детектив",Oldeuboi,2003,8.1,113 388,8.4,73.0,0,1,0,0,0,-0.3000000000000007,триллер
483,Подмена,484,США,"триллер, драма",Changeling,2008,7.9,177 420,,,0,1,0,0,0,,триллер
484,Лев,485,"Великобритания, Австралия","драма, биография",Lion,2016,7.7,60 402,8.0,341.0,1,0,0,0,0,-0.2999999999999998,драма
485,Иваново детство,486,СССР,"драма, военный",-,1962,8.0,38 648,8.1,304.0,0,0,0,0,1,-0.09999999999999964,драма
486,История рыцаря,487,США,"боевик, мелодрама",A Knight's Tale,2001,7.8,70 637,,,0,1,0,0,0,,боевик
487,12 обезьян,488,США,"фантастика, триллер",Twelve Monkeys,1995,7.8,119 385,8.0,404.0,0,0,1,0,0,-0.20000000000000018,фантастика
488,Персона,489,Швеция,"триллер, драма",Persona,1966,8.1,19 927,8.1,297.0,0,0,0,0,1,0.0,триллер
489,Час пик,490,США,"боевик, комедия",Rush Hour,1998,7.7,112 844,,,0,0,1,0,0,,боевик
490,Игрушка,491,Франция,"драма, комедия",Le jouet,1976,8.0,61 308,,,0,0,0,0,1,,драма
491,Мужики!..,492,СССР,драма,-,1981,8.1,50 843,,,0,0,0,1,0,,драма
492,Атлантида: Затерянный мир,493,США,"мультфильм, фантастика",Atlantis: The Lost Empire,2001,7.8,50 882,,,0,1,0,0,0,,мультфильм
493,Однажды в Ирландии,494,Ирландия,"триллер, комедия","Guard, The",2011,7.6,88 057,,,1,0,0,0,0,,триллер
494,На гребне волны,495,"США, Япония","боевик, триллер",Point Break,1991,7.8,88 491,,,0,0,1,0,0,,боевик
495,Исходный код,496,"США, Канада","фантастика, боевик",Source Code,2011,7.8,340 509,,,1,0,0,0,0,,фантастика
496,Белые росы,497,СССР,"драма, мелодрама",-,1983,8.2,32 570,,,0,0,0,1,0,,драма
497,Мстители: Финал,498,США,"фантастика, боевик",Avengers: Endgame,2019,7.6,476 848,8.4,64.0,1,0,0,0,0,-0.8000000000000007,фантастика
498,Истребитель демонов: Поезд «Бесконечный»,499,Япония,"аниме, мультфильм",Kimetsu no Yaiba: Mugen Ressha-Hen,2020,7.9,12 240,,,1,0,0,0,0,,аниме
499,Ганнибал,500,"США, Великобритания","триллер, драма",Hannibal,2001,7.7,107 100,,,0,1,0,0,0,,триллер
